{
    "items": [
        {
            "name": "Tech requirements.pdf",
            "size": "200 KB",
            "uploadedAt": "Jan 4, 2025",
            "updatedAt": "Jan 4, 2025",
            "uploadedBy": "Olivia Rhye"
        },
        {
            "name": "Dashboard screenshot.jpg",
            "size": "720 KB",
            "uploadedAt": "Jan 4, 2025",
            "updatedAt": "Jan 4, 2025",
            "uploadedBy": "Phoenix Baker"
        },
        {
            "name": "Dashboard prototype recording.mp4",
            "size": "16 MB",
            "uploadedAt": "Jan 2, 2025",
            "updatedAt": "Jan 2, 2025",
            "uploadedBy": "Lana Steiner"
        },
        {
            "name": "Dashboard prototype FINAL.fig",
            "size": "4.2 MB",
            "uploadedAt": "Jan 6, 2025",
            "updatedAt": "Jan 6, 2025",
            "uploadedBy": "Demi Wilkinson"
        },
        {
            "name": "UX Design Guidelines.docx",
            "size": "400 KB",
            "uploadedAt": "Jan 8, 2025",
            "updatedAt": "Jan 8, 2025",
            "uploadedBy": "Candice Wu"
        },
        {
            "name": "Dashboard interaction.aep",
            "size": "12 MB",
            "uploadedAt": "Jan 6, 2025",
            "updatedAt": "Jan 6, 2025",
            "uploadedBy": "Natali Craig"
        },
        {
            "name": "Briefing call recording.mp3",
            "size": "18.6 MB",
            "uploadedAt": "Jan 4, 2025",
            "updatedAt": "Jan 4, 2025",
            "uploadedBy": "Drew Cano"
        }
    ],
    "total": 7
}
